# Documentation Moved

The documentation has been reorganized and moved to `src/docs/` for better structure.

## 🔗 New Location

All documentation is now located at: **[src/docs/](../src/docs/)**

## ğŸ“ New Structure

- **Implementation docs**: `src/docs/implementation/`
- **Project summaries**: `src/docs/summaries/`
- **Tool documentation**: `src/docs/tools/`
- **Updates & changelogs**: `src/docs/updates/`
- **User guides**: `src/docs/guides/`

## 📚 Quick Links

- **[Documentation Index](../src/docs/DOCUMENTATION_INDEX.md)** - Complete documentation index
- **[Flipper Zero Integration](../src/docs/summaries/FLIPPER_ZERO_INTEGRATION_SUMMARY.md)** - Hardware integration
- **[Email Tools](../src/docs/implementation/EMAIL_TOOLS_DOCUMENTATION.md)** - Email system docs
- **[Modular Architecture](../src/docs/implementation/MODULAR_REFACTORING_SUMMARY.md)** - Server architecture

## 🔄 Migration Complete

All documentation files have been moved to the new organized structure. The main project documentation remains in the root `docs/` folder.

---

*This file serves as a redirect to the new documentation location.*
